<?xml version="1.0" encoding="UTF-8"?>
<project-private xmlns="http://www.netbeans.org/ns/project-private/1">
    <editor-bookmarks xmlns="http://www.netbeans.org/ns/editor-bookmarks/2" lastBookmarkId="0"/>
    <open-files xmlns="http://www.netbeans.org/ns/projectui-open-files/2">
        <group>
            <file>file:/C:/xampp/htdocs/questionario/index.php</file>
            <file>file:/C:/xampp/htdocs/questionario/adm/perfil.php</file>
            <file>file:/C:/xampp/htdocs/questionario/adm/dados.php</file>
            <file>file:/C:/xampp/htdocs/questionario/visao/componentes.php</file>
            <file>file:/C:/xampp/htdocs/questionario/adm/cadastro.php</file>
            <file>file:/C:/xampp/htdocs/questionario/template/topoadm.php</file>
            <file>file:/C:/xampp/htdocs/questionario/dao/DaoEmail.php</file>
            <file>file:/C:/xampp/htdocs/questionario/dao/DaoUsuario.php</file>
        </group>
    </open-files>
</project-private>
